id,num_rhyming_lines,num_perfectly_rhyming_lines,num_lines
english-ed2/ep2438/Z300661875,35,25,35
english/pennecu1/Z200459978,45,35,50
english/wattsisa/Z300523040,15,14,16
english/hardytho/Z200137433,10,8,16
english/fawkesfr/Z300372956,8,8,10
english/arnoldma/Z300263435,14,12,28
english/boldhenr/Z300283763,42,26,56
english-ed2/miscell3/Z300641721,34,30,36
english/mooretho/Z300445264,18,12,24
english-ed2/ep2626/Z300677415,33,14,40
english/miscell3/Z300641671,19,15,32
american/am0590/Z200166639,8,6,10
american/am0912/Z300176242,46,34,52
english-ed2/ep2565/Z200672994,17,14,18
english-ed2/ep2625/Z200677385,28,18,32
english/stuarthy/Z200500607,10,8,16
english/smartchr/Z300487909,73,58,80
african-american/wheatley/Z200588300,18,16,18
english/eliotjoh/Z200345354,16,10,20
american/am1066/Z300188326,39,15,48
english-ed2/ep2493/Z200665527,49,34,59
english/bluntwil/Z400283173,10,4,15
english/skipseyj/Z200486957,23,18,42
english/mackaych/Z300422332,32,28,36
english/humphrey/Z200402013,40,32,44
english/mantrich/Z300425119,11,9,14
american/am0240/Z200152429,20,8,32
english/ellisonh/Z300348814,11,11,14
english/mollineu/Z200442975,34,26,40
english-ed2/ep2562/Z200671751,30,22,33
english/steelean/Z200496543,34,32,36
english/paynejoh/Z300458122,20,16,32
african-american/campbel3/Z200295282,22,16,32
english/clarejoh/Z300313447,6,2,15
american/am0313/Z200154748,51,41,55
english-ed2/ep2603/Z200674411,61,48,72
english/wordswwi/Z300543638,14,13,14
american/am1276/Z200197451,15,10,16
american/am0912/Z300176246,16,16,20
english/stephenj/Z400496601,53,38,60
american/am1035/Z200182679,38,36,40
american/am1335/Z200200426,83,35,93
english/wardfred/Z300520672,47,44,48
english/miscell3/Z200441159,10,8,12
english/heyrickt/Z300394802,46,31,55
english/hoggjame/Z400397603,17,10,32
american/am1183/Z300192386,14,11,14
english/wardfred/Z300519150,38,29,48
english-ed2/galenorm/Z200678036,10,4,16
american/am0652/Z200168748,10,4,20
english/kemblefr/Z200408698,28,24,32
english/combewil/Z200318766,49,38,57
english-ed2/ep2381/Z300658620,18,16,18
english-ed2/clarejoh/Z300314691,12,6,16
english/lambchar/Z200411101,31,27,36
english/smithjam/Z300489356,8,6,10
english/palgrave/Z200455279,21,15,32
american/am0053/Z300145186,13,10,14
american/am0799/Z300173771,12,9,14
english-ed2/clarejoh/Z300314707,14,12,18
english/duckstep/Z300343224,9,8,12
english-ed2/ep2001/Z300624982,16,14,22
english/wardfred/Z300518903,26,16,26
english/wildeosc/Z400536333,13,11,14
english-ed2/ep2309/Z200653930,18,13,18
english-ed2/ep2370/Z200657469,60,40,72
english/wesleych/Z500529971,15,10,24
english/bartonbe/Z200273508,12,10,14
english/barneswi/Z200272732,17,10,32
english/clarejoh/Z300313130,16,8,32
english/leighto2/Z300415484,14,13,14
english/millerwi/Z300436599,20,14,30
english/crosland/Z200587517,39,6,52
english/rossetdg/Z500478419,12,6,17
english/doubleda/Z300341016,12,9,14
english/rossetdg/Z400478468,12,4,14
english/rossetch/Z300477723,26,18,42
american/am1051/Z200183284,18,7,24
american/am1046/Z200183189,25,16,34
english/bensonar/Z200277911,8,4,12
american/am1208/Z200193184,12,6,14
english/wesleych/Z400525997,22,17,40
american/am0240/Z300152865,12,8,24
english/bennettw/Z300277567,31,10,40
english/tupperma/Z300513111,21,17,25
english-ed2/clarejoh/Z300314746,20,14,32
english-ed2/bellhenr/Z200646906,49,30,80
english/fletcher/Z300375381,24,21,32
english/masseyge/Z200426791,33,29,48
english/kingharr/Z200410276,12,6,24
american/am0898/Z200175792,7,3,11
english/wardedwa/Z300517396,14,6,20
american/am0382/Z200158450,22,16,28
american/am0285/Z200154031,24,14,24
english/parnellt/Z300456058,123,105,132
english/evansseb/Z200364720,4,4,12
english-ed2/roddjame/Z200680278,24,20,24
american/am0359/Z300157571,33,31,42
english/glenwill/Z200379433,14,9,16
english/cookeliz/Z300319850,52,38,56
english/priormat/Z300465775,16,14,20
american/am1318/Z300199253,12,10,16
african-american/whitmana/Z300535225,24,14,28
english/baronrob/Z300273095,22,12,30
english/rogerssa/Z300476211,26,6,39
american/am0165/Z200148978,18,16,22
english/rawnsley/Z200471806,13,9,14
english/devereau/Z400337756,9,8,16
english/byromjoh/Z300293585,50,20,72
english/washbour/Z200521564,29,22,36
english/wolcotjo/Z300541286,80,56,98
english/dermodyt/Z200336269,73,53,86
english-ed2/ep2418/Z300660535,21,19,27
english/hakethom/Z200384245,11,6,14
english-ed2/ep2430/Z200661384,34,19,41
english/evansseb/Z200364719,26,22,28
american/am0291/Z200154223,10,4,16
english/keachben/Z200407401,14,10,20
english/hardytho/Z200137218,15,15,18
english/wardfred/Z300518953,40,28,48
english-ed2/ep2453/Z300662761,31,28,36
english/browniro/Z300290048,42,30,54
english/bourdill/Z200284905,9,9,12
english/barberma/Z200268458,22,8,26
english-ed2/ep2223/Z200652216,4,0,22
english/randswil/Z200471544,45,31,50
english/elliottc/Z200345548,63,41,80
english/rossetch/Z300477736,12,11,14
english/devereau/Z300338053,10,6,14
english/arnoldsi/Z200263686,8,8,16
english-ed2/ep2325/Z300636474,29,22,36
english/hemansfe/Z300391594,63,44,72
american/am1335/Z200200390,27,20,31
english-ed2/ep2640/Z200677890,17,6,20
english/hayleywi/Z300389090,14,12,16
american/am0809/Z200173927,61,13,69
english/smithhor/Z300489139,13,11,14
english/wardedwa/Z200518512,14,10,24
english/ramsayal/Z200470827,35,20,40
c20-english/binyonro/Z200732057,16,12,16
english/wesleych/Z500530520,18,12,28
english/grahamej/Z200381639,58,42,68
english/wesleych/Z400528406,13,6,16
english/warrenjo/Z200520994,33,24,84
english/elliottc/Z200345730,58,48,72
american/am0539/Z200163755,28,27,30
english/arnoldsi/Z200263688,16,10,18
african-american/hortonge/Z200399903,16,12,20
english-ed2/ep2253/Z200631015,10,8,12
english/flatmant/Z300374787,14,9,24
english/southeyr/Z400494228,10,4,18
english-ed2/ep2090/Z300626889,58,42,65
english-ed2/ep2548/Z300670312,20,18,20
english/peacockt/Z300459599,21,16,24
english/barlowge/Z400269845,85,71,93
american/am1252/Z400194392,22,14,36
english/meynella/Z300429390,10,10,12
english/johnsonl/Z300405139,20,16,24
american/am0382/Z200158590,54,35,96
english/nichols2/Z400588441,14,8,28
american/am0474/Z400161225,29,24,32
english-ed2/ep2640/Z200677825,14,10,16
english-ed2/galenorm/Z200678527,22,18,24
english/moxonedw/Z200447992,14,10,14
english/brydgess/Z300291019,36,29,40
english-ed2/miscell3/Z200641081,12,10,20
english/glanvilj/Z300379382,34,28,40
english/wordswwi/Z300543435,12,12,14
american/am1066/Z300187113,8,0,18
english/maginnwi/Z300423764,23,10,28
american/am0338/Z200156882,24,18,32
english/miscell2/Z200438751,34,28,34
english/miltonjo/Z200437834,60,44,80
american/am0604/Z200167004,29,22,56
american/am1335/Z500200634,22,14,24
american/am0359/Z300157546,18,16,20
english/cokaynes/Z400316319,5,4,10
english/rawnsley/Z200472240,14,7,14
english-ed2/watsonsi/Z300681815,12,12,12
american/am0649/Z200168437,13,11,21
american/am0285/Z200153967,21,16,30
english/miscell2/Z200439266,21,0,32
english-ed2/ep2615/Z200675458,29,18,70
english/eusdenla/Z200364566,52,44,62
american/am0172/Z200149442,18,9,41
american/am0751/Z200172158,8,6,20
english-ed2/ep2625/Z200676838,23,20,30
english/allingha/Z300141989,60,52,72
english/cookeliz/Z300319921,165,129,192
english/wordswwi/Z300543655,22,14,32
english/tupperma/Z300513421,39,26,42
english/wardfred/Z300519770,20,12,24
american/am0939/Z300177542,12,9,14
english-ed2/ep2528/Z300669196,36,24,40
english/mackaych/Z300422296,64,29,88
english/proctera/Z200466189,47,30,80
english/mooretho/Z300444920,8,6,20
english/stuarthy/Z200501328,14,8,14
american/am0093/Z300146316,8,8,10
english/keblejoh/Z200408434,73,60,88
english/keachben/Z200407311,34,18,48
african-american/thompso7/Z200509597,11,8,24
english/courthop/Z200322057,36,27,37
english/embunyan/Z200349995,10,8,12
english-ed2/ep2555/Z300670897,68,60,74
english/quarlesj/Z200469399,7,4,12
english/lewismat/Z300415774,18,14,24
english/elliottc/Z200345636,27,22,30
english/barlowge/Z200270999,22,16,24
english/bluntwil/Z400283108,11,8,15
english-ed2/dodgsonc/Z300647224,15,6,16
american/am0481/Z200161876,11,9,12
english/keachben/Z200407665,6,2,24
english-ed2/ep2625/Z200677086,28,17,32
american/am1120/Z200190939,14,10,14
english/tennysal/Z300507620,4,0,10
english/wesleych/Z500529071,8,6,12
english/wesleych/Z300524776,18,14,20
english/castillo/Z200309472,58,36,66
english/wesleych/Z300527121,42,32,66
english/rogerssa/Z300476219,57,12,86
english/burnsrob/Z200293132,4,4,32
american/am1021/Z200182429,15,9,18
english/mitfordj/Z300441881,12,10,12
english/montgoro/Z300444223,22,8,27
american/am0582/Z300165226,114,86,124
american/am0882/Z300175298,86,65,90
english-ed2/ep2306/Z300653744,28,16,30
english/cookeliz/Z300320067,22,22,24
american/am0539/Z200164106,13,8,14
american/am0539/Z200163779,36,32,46
american/am0604/Z200167134,87,72,90
english/dibdinth/Z600338959,10,6,12
english/cokaynes/Z300316041,32,19,40
english/barlowge/Z300271596,13,13,14
english/rawnsley/Z200472447,12,9,14
english/planchea/Z200462255,12,12,16
english-ed2/ep2246/Z200630621,6,6,12
english/wesleych/Z300526425,10,4,20
english/stuarthy/Z300500570,40,40,48
english/smartchr/Z300488221,48,44,48
english/woodford/Z300542425,50,38,54
american/am1276/Z300197474,50,34,62
english/ephelia/Z200364427,49,32,54
american/am0172/Z300149586,18,16,24
english-ed2/clarejoh/Z200646461,30,24,48
english/beattiej/Z200275442,36,28,48
american/am1028/Z200182509,11,8,20
american/am0232/Z300151775,12,10,16
english/bonarhor/Z200284173,17,12,32
english/storyrob/Z200498523,28,22,32
american/am0539/Z200164026,40,28,44
african-american/rayhenri/Z200473023,49,38,55
english-ed2/ep2574/Z300673348,32,26,40
english/dallasro/Z300331502,49,42,58
english/cooperth/Z300320453,13,10,16
english/tannahil/Z200503861,16,10,24
american/am0998/Z200180732,36,26,40
english-ed2/ep2555/Z300670947,30,26,36
english-ed2/ep2117/Z300627659,19,16,20
english/perronet/Z200460473,70,55,72
american/am0685/Z400170486,15,8,24
english/wattsala/Z200522068,23,7,39
american/am1274/Z200197274,26,23,48
english/hamilto3/Z200385550,48,38,96
english-ed2/ep2640/Z200677856,12,10,20
english-ed2/galenorm/Z200678140,37,33,48
american/am0998/Z200181344,42,38,48
english/glanvilj/Z300379387,41,31,42
english/nesbited/Z200588163,17,16,18
american/am0027/Z300143622,28,25,36
english/brownth1/Z200290325,20,12,24
american/am0027/Z300143849,17,17,27
english/ellisonh/Z200347870,13,10,14
american/am0053/Z200144928,53,40,60
english/wilsona1/Z200538507,75,58,90
english-ed2/dobsonhe/Z300339914,13,11,19
english/oldiswor/Z300452199,18,14,28
english/proctera/Z200466198,14,8,24
english/duncombe/Z300344214,47,30,50
english-ed2/ep2406/Z200659361,23,16,57
english/landorwa/Z400412944,10,8,12
american/am0898/Z200176002,50,38,58
english/brownth1/Z300290423,32,14,36
english/perronet/Z200460579,41,26,54
american/am0027/Z300144518,24,16,28
english-ed2/ep2590/Z300674086,18,18,24
english/devereau/Z300336837,12,6,14
english/hamilto3/Z200385330,44,34,48
american/am1107/Z200189463,44,30,80
american/am0372/Z300157956,41,25,42
english-ed2/galenorm/Z200678420,41,30,48
american/am0939/Z200177411,14,10,24
english/thomaswi/Z200509256,16,14,24
american/am1066/Z300185987,0,0,10
english-ed2/clarejoh/Z400314117,30,10,40
english/miscell3/Z200642702,77,65,86
english/nesbitep/Z200136292,30,12,36
english-ed2/clarejoh/Z300314553,20,16,20
english/wesleych/Z500530156,6,2,12
english/stevens1/Z200497063,59,46,62
english/sewardan/Z300482274,10,4,14
american/am0027/Z300144379,16,8,16
english/hamerton/Z400385101,50,40,96
english/anderso1/Z200259963,41,34,56
english/lockerhy/Z200417270,30,20,32
english/william1/Z200536701,11,10,12
english/wardfred/Z300519881,22,18,24
english/walkerwi/Z200516779,82,58,88
english/lockerhy/Z200417346,22,18,32
english/keblejoh/Z200408508,16,14,16
english-ed2/dodgsonc/Z200647183,28,20,32
english/turnerct/Z200507956,26,21,28
american/am0285/Z200154102,10,8,16
english/blackiej/Z300280860,38,31,48
english/anderso2/Z300260699,24,16,40
english/wesleych/Z500530774,16,14,16
english/tannahil/Z200503860,12,7,16
english/wyvillsi/Z200544953,6,3,10
american/am1344/Z200201054,55,43,62
american/am1051/Z200183244,27,18,33
american/am1233/Z300193840,28,20,32
american/am1120/Z200190652,13,12,14
english/clarejoh/Z300314837,34,20,40
english-ed2/ep2251/Z300652883,9,8,14
english/wesleych/Z500525585,27,14,36
english/paynejoh/Z300458689,13,9,14
american/am1302/Z200198203,16,14,18
english/storyrob/Z200498518,12,8,16
english/shelleyp/Z300484068,11,8,12
american/am0588/Z300166196,4,0,24
english-ed2/clarejoh/Z300313830,13,8,14
english/cunning2/Z300325817,5,2,12
english/byrongeo/Z300293962,41,31,48
english/bennettw/Z200277268,66,36,70
english/burnsrob/Z200293141,3,0,16
english/wartont2/Z300521417,36,26,40
english/yaldenth/Z200545030,37,30,46
english/paynejoh/Z300458833,11,9,14
african-american/dunbarpa/Z200343600,13,9,18
english/burnsrob/Z300292767,35,16,42
american/am0291/Z300154450,10,10,12
english/bluntwil/Z300283454,62,26,88
english/trenchri/Z300513019,4,2,20
english/opieamel/Z200452554,50,38,54
english/cookejoh/Z200319600,6,6,10
english/mackaych/Z200422050,7,2,16
english/suttonhe/Z200501570,42,34,52
american/am1021/Z200182316,6,6,12
english/southeyr/Z400494342,10,0,45
american/am1327/Z200199666,18,10,20
english-ed2/ep2603/Z200674377,32,24,32
american/am0577/Z200165042,38,32,40
english/hardytho/Z200137449,34,24,39
american/am0780/Z200173127,44,42,48
english/dowdened/Z200341213,16,8,16
english/havergal/Z500388132,22,20,28
english/costello/Z200321026,40,32,54
english-ed2/ep2478/Z300664035,58,44,76
english/priormat/Z400465788,16,16,20
american/am0134/Z200147831,41,33,45
english/fullerth/Z200376911,17,11,18
english-ed2/galenrkl/Z200678847,14,13,15
american/am1208/Z200193093,15,10,28
english/sbgamble/Z200491025,12,8,16
english/anderso2/Z200260205,21,19,33
english/lintonwi/Z300416389,22,14,24
english-ed2/ep2430/Z200661450,17,14,22
english/hoggjame/Z300397836,16,11,21
english/wesleych/Z300532614,23,12,36
english-ed2/ep2117/Z300627372,39,24,50
english/cowperwi/Z300323185,14,12,16
english/clarejoh/Z400314154,19,15,25
english/smartchr/Z300487952,52,40,64
american/am0769/Z200172638,14,14,16
english-ed2/ep2156/Z300628012,16,6,24
english/heathrob/Z200390809,34,22,48
english/roweeliz/Z400479078,21,6,35
english/mackaych/Z200421938,15,11,19
american/am0596/Z200166759,12,8,16
english/marstonp/Z400425993,8,6,16
english/wolcotjo/Z300541548,10,6,10
american/am0474/Z400161187,32,22,32
english/wesleych/Z300525444,23,12,32
english/todhunte/Z300511416,38,24,40
english/jonesern/Z300405574,34,26,51
english/bronteum/Z200133273,40,35,52
english/wesleych/Z500526027,62,47,72
english/davistho/Z400335952,26,21,30
english-ed2/ep2181/Z200649899,22,9,32
american/am1256/Z300195800,36,32,42
english/couttshy/Z200322204,21,14,24
english/cottlejo/Z400321314,25,20,36
english-ed2/ep2496/Z300666591,20,14,32
english/wesleych/Z500529189,10,4,18
english-ed2/gravesal/Z200679061,26,12,36
english-ed2/ep2244/Z200630516,64,45,72
american/am0061/Z200145210,54,34,66
american/am1335/Z600200646,18,14,20
english/pfeiffer/Z200461067,13,11,14
english/wiltonri/Z300539316,14,12,14
english/packrich/Z300454960,56,38,62
american/am0939/Z200176831,14,10,15
american/am1208/Z400193365,13,8,16
english/nesbited/Z200588143,19,16,21
english/danielg2/Z200331933,14,12,20
english/jordanth/Z200406301,23,15,28
american/am0076/Z200145543,20,16,20
english/princejo/Z500465459,10,8,14
english-ed2/ep2448/Z200662326,36,10,52
english/ellisonh/Z200347659,9,5,14
english/shenston/Z200484529,42,24,48
english/murrayro/Z200449011,11,8,20
english/smartchr/Z300488224,28,20,30
english/bartonbe/Z300273664,36,26,48
american/am0144/Z300148262,10,10,16
english/morrissi/Z300446370,36,26,44
english/swaincha/Z200501848,24,14,30
english/cottonch/Z200321495,26,12,39
english/heathrob/Z300390742,11,7,16
english/stuarthy/Z200500943,31,21,34
english/cowperwi/Z200323134,18,12,24
english-ed2/clarejoh/Z200646597,12,9,14
english/egertonh/Z200344889,63,48,66
english/stephenj/Z300496566,37,30,38
english/burnsrob/Z200293130,4,4,16
english/ellisonh/Z300348737,13,11,14
english/simcoxge/Z200486540,35,32,42
english/sewellge/Z200482423,47,35,51
english/mooretho/Z300445068,22,16,24
english-ed2/clarejoh/Z300313386,14,8,14
english/masseyge/Z300427122,12,10,14
english/milnesri/Z300437654,23,20,33
american/am1162/Z300191894,13,8,15
american/am9011/Z200258997,12,10,12
english/marstonp/Z400425769,13,9,14
english/mandevil/Z200424226,42,21,44
english/brownth2/Z300290718,49,46,49
american/am0172/Z300149571,48,36,57
english-ed2/ep2609/Z200674861,26,8,33
english/bartonbe/Z300274261,14,14,14
american/am0666/Z200169621,12,11,14
american/am0252/Z200153072,44,36,56
english/allingha/Z300142156,32,26,36
english-ed2/ep2549/Z300670514,26,18,36
english/gossesir/Z300587680,14,12,14
english/westwood/Z200534018,21,10,25
english-ed2/ep2223/Z200652330,30,20,40
american/am1013/Z300181855,70,44,85
american/am0009/Z200140200,12,8,20
american/am0882/Z300175230,50,34,56
american/am0453/Z200160568,7,5,13
american/am0453/Z200160440,24,16,36
english/phillip3/Z200461851,21,16,24
english/planchea/Z200462322,46,32,57
american/am0065/Z200206511,34,8,40
english/devereau/Z300337002,14,7,14
english/miscell3/Z200643453,14,10,24
american/am0100/Z300146570,8,6,16
english-ed2/woodsjam/Z300681951,118,73,144
english/barlowge/Z300270425,14,12,15
american/am1066/Z300187289,2,0,12
english/roberts2/Z200474713,28,12,32
english-ed2/ep2627/Z200677504,60,50,64
english/clarejoh/Z300313847,13,8,14
english/miscell2/Z200439091,14,8,16
english/lytehenr/Z200420005,36,30,48
american/am0027/Z300143272,43,32,45
english/quillina/Z200469595,28,24,32
english/turnerct/Z200507818,10,9,14
english-ed2/ep2415/Z200659806,12,10,16
english/barlowge/Z300270642,11,9,14
english-ed2/ep2539/Z200669797,14,13,14
english-ed2/ep2564/Z300672295,12,10,12
english-ed2/ep2526/Z200669042,46,32,50
english/marstonp/Z400425820,25,16,28
english-ed2/clarejoh/Z300312908,36,23,42
american/am0998/Z400180938,40,28,40
english/hamilto3/Z200385569,32,14,56
english/huntjame/Z200402433,34,26,76
english/wesleych/Z400524595,40,28,56
english/walkerwi/Z200516846,22,14,24
american/am1302/Z200198116,10,0,20
american/am0643/Z200167958,26,18,32
english/grantann/Z200382003,40,35,42
english/rawnsley/Z200472657,9,9,14
english/ramsayal/Z400471088,27,23,32
english/colersar/Z200317798,5,4,10
american/am0291/Z300154307,9,9,10
english/anderso1/Z200259924,27,16,52
english/brydgess/Z300290974,14,13,14
american/am0680/Z400169937,21,12,24
american/am1041/Z200183013,14,12,14
english/keblejoh/Z300408327,16,10,20
english/swaincha/Z200502273,15,10,24
english/smedleym/Z200488490,51,44,57
english/praedwin/Z400464689,28,18,32
english-ed2/ep2156/Z200628038,22,17,24
american/am1252/Z500194474,44,32,48
american/am0588/Z200166161,52,36,60
english/irelands/Z300403546,93,75,98
english-ed2/ep2508/Z200633158,69,56,78
english-ed2/sigerso2/Z300636240,14,14,16
english/cottonch/Z200321540,22,20,30
english/fergusso/Z200373460,40,8,87
english-ed2/ep2500/Z300666707,38,34,48
english/irelands/Z300403586,54,46,60
english/wesleych/Z400531694,8,8,12
english-ed2/ep2415/Z200659768,28,18,48
american/am0027/Z200143110,18,18,20
english/austinal/Z200546465,43,34,48
english/tayloran/Z300504106,54,48,64
american/am1089/Z300189088,8,8,18
english/beaujose/Z200275794,35,22,66
english/wesleych/Z400532272,12,10,16
english/thomwill/Z200510051,24,17,32
english/cookeliz/Z300319660,16,16,24
american/am0160/Z300148867,8,6,10
english/tannahil/Z200503805,9,2,16
english/smedleym/Z200488511,43,34,52
english/costello/Z200320962,18,16,24
english/wardfred/Z300519229,39,12,46
english/ingelowj/Z200402970,22,16,24
english/quillina/Z200469589,16,16,18
english/bourdill/Z200284888,24,18,32
american/am0182/Z300150339,59,47,72
american/am0100/Z300146463,4,0,32
english-ed2/ep2552/Z200670673,27,20,36
english-ed2/ep2402/Z200659205,20,11,26
english-ed2/ep2590/Z300674072,28,20,32
english/lynchtho/Z300419961,16,13,18
english-ed2/ep2565/Z200673005,32,26,36
english/rossetch/Z400477489,6,5,10
english/smartchr/Z200487416,22,20,28
american/am0144/Z300148387,22,20,26
english/couttshy/Z200322279,21,14,21
english/stanley1/Z200496359,16,10,18
english/popealex/Z300463625,8,6,10
english/rawnsley/Z200472529,11,10,14
english/bartonbe/Z200274114,50,40,60
english-ed2/ep2402/Z200659130,14,11,14
english/barlowge/Z300271299,11,8,14
english-ed2/ep2461/Z300663197,15,10,28
english/montgoro/Z300444435,68,46,72
english/ingelowj/Z300403158,86,57,118
english/ellisonh/Z200347830,13,10,14
african-american/davisdan/Z200335848,52,35,72
american/am0654/Z400169328,12,10,15
english/brookehe/Z200288302,40,34,40
american/am0172/Z300149567,10,4,34
english/william3/Z200536921,63,48,64
english-ed2/ep2362/Z200655924,11,10,16
english/wardfred/Z300519883,16,10,24
english/jenynsso/Z200404883,12,10,18
english/bennettw/Z200277285,11,8,14
english-ed2/ep2258/Z200631843,49,38,56
english/cookeliz/Z300319956,32,26,44
english/beattiej/Z200275396,16,7,26
english/beaujose/Z200275820,18,14,36
english/hillaaro/Z200397037,25,16,28
english/wesleych/Z400531824,8,6,16
english/hookesni/Z300399115,38,31,48
english/fletchth/Z200374953,59,33,64
english-ed2/ep2514/Z300667635,11,6,14
american/am0939/Z200177423,26,18,32
american/am1185/Z200192766,7,2,18
english/wiltonri/Z200539149,9,5,15
american/am0966/Z200177915,26,20,28
english/devereau/Z400337768,16,10,24
english/roberts2/Z400474869,11,11,14
english/milnesri/Z400437480,11,7,14
english/devereau/Z400337491,24,18,24
english-ed2/ep2282/Z300653535,14,9,16
english-ed2/ep2381/Z300658139,33,28,36
english/randolph/Z300471413,116,81,128
english/mackaych/Z300422344,9,7,18
english/allingha/Z300142315,18,16,20
english/mackaych/Z200422608,10,8,11
english/miscell3/Z200440994,10,6,16
english/lockerhy/Z200417279,26,22,34
american/am0338/Z200157189,34,24,36
american/am1066/Z300187299,8,0,18
english/mackaych/Z200422175,11,10,15
american/am0240/Z300152777,21,15,35
english-ed2/ep2412/Z200659555,21,12,40
english/davieswi/Z200335587,13,11,14
english/knevetra/Z300410865,26,16,32
english/montgoro/Z300444320,42,32,48
english-ed2/clarejoh/Z400314321,4,2,12
english-ed2/clarejoh/Z300314696,13,6,16
english/howittma/Z300400650,38,32,40
english/stoddart/Z300498290,10,8,14
english/mooretho/Z300445040,12,6,16
english/cunning2/Z200325917,28,26,32
english/buckecha/Z200292019,20,15,24
english/wesleych/Z500530903,8,4,12
english-ed2/ep2448/Z200662336,17,12,36
english/wesleych/Z500525877,22,16,30
american/am0076/Z200145548,70,12,92
english/nesbited/Z200588144,20,14,24
english/robinmar/Z200475885,16,14,20
english/nortonca/Z300451404,10,8,16
american/am1335/Z200200471,20,12,24
english/wiltonri/Z200538918,13,7,14
african-american/paynedan/Z300458005,22,16,28
english/cunning2/Z200325924,11,7,32
american/am0160/Z300148891,11,7,16
english/clarejoh/Z400314482,20,18,24
english/suckling/Z200501454,10,8,14
english/wesleych/Z400526467,11,9,16
english-ed2/ep2496/Z300666495,34,23,40
english-ed2/ep2090/Z300626581,13,12,14
english/humphrey/Z300401912,24,20,40
american/am0998/Z300181122,11,8,20
english/wardfred/Z300519660,22,18,24
american/am0027/Z400142892,10,2,18
english/wesleych/Z400532319,8,6,12
american/am0453/Z200160053,22,14,24
american/am0372/Z200157807,14,13,14
english/crosland/Z200587557,65,24,88
english/stockdal/Z300498115,53,37,55
english/wardfred/Z200519255,28,27,28
english/keatsjoh/Z200408073,23,16,48
american/am0613/Z200167653,38,36,40
english-ed2/ep2625/Z300677013,20,16,20
english/arminrob/Z300263180,41,30,54
american/am0027/Z200142669,8,6,12
english-ed2/bellhenr/Z200646973,29,22,30
american/am0473/Z300161025,25,20,32
english/wesleych/Z300525437,22,16,24
english/sharpwil/Z300483520,16,12,16
english/pennecu1/Z200460024,13,8,20
english/traherne/Z200512326,37,31,48
american/am0338/Z200156031,22,8,32
english/barlowge/Z300270935,12,10,16
english/bowlesca/Z200285215,14,14,14
english/wesleych/Z300526910,42,36,52
english/millerwi/Z300436614,16,12,20
english/elysedmu/Z300349721,15,10,18
english-ed2/ep2178/Z200647862,10,6,16
english-ed2/ep2515/Z200668075,35,30,48
american/am0999/Z200181391,16,12,19
english-ed2/ep2252/Z300653170,36,24,40
american/am0338/Z200157076,4,0,32
english/howittma/Z200400590,31,25,60
english/wartont1/Z200521343,14,10,14
english/tayloran/Z200504251,33,23,37
english/wiltonri/Z200539312,13,13,14
english/tennysal/Z300506780,14,12,20
english/maginnwi/Z200423685,9,4,13
english/clarejoh/Z300313109,15,10,24
english/thompswi/Z200509417,32,25,37
english-ed2/ep2624/Z300676340,16,12,18
american/am0027/Z300144414,33,29,35
american/am0912/Z200176220,23,12,24
english/habingto/Z300383806,34,26,36
english/cantonwi/Z200587037,16,16,18
english/turnerct/Z200507876,10,6,14
american/am0285/Z200153918,14,12,16
english/munbyart/Z200448019,48,39,72
english-ed2/ep2518/Z400668677,16,12,16
american/am0652/Z200168717,12,8,20
american/am1066/Z300188593,9,0,17
american/am0453/Z200160392,33,14,48
american/am0604/Z200167361,47,32,50
english/wyvillsi/Z200544966,12,12,14
english/paynejoh/Z200458932,26,21,28
english/swaincha/Z300501654,16,11,22
american/am0706/Z200170673,18,16,24
american/am1289/Z200197565,23,18,40
english-ed2/ep2252/Z300653135,84,70,98
english/wildeosc/Z400536342,8,6,12
american/am0453/Z200160273,60,37,64
english-ed2/ep2570/Z200673208,24,24,24
english/sigerso1/Z200577493,22,10,60
english/hawkshaw/Z200388928,31,25,32
english/alfordhe/Z300140596,10,8,14
english-ed2/ep2220/Z300652007,11,9,14
american/am1089/Z300189342,5,4,10
english-ed2/ep2565/Z200672935,38,30,43
english/barlowge/Z400269720,13,10,14
english/burnsrob/Z300292801,30,20,38
english-ed2/ep2564/Z300672091,22,8,40
english/peacockt/Z300459589,36,28,44
english/wolcotjo/Z300541479,52,34,68
english/wesleych/Z500530527,20,18,24
american/am0027/Z200144616,10,8,16
english/clarejoh/Z400314067,28,22,32
english/bourdill/Z200284865,11,6,12
english/baylynat/Z300275121,12,8,16
english/howwilli/Z200400901,13,8,14
english/faberfre/Z200372102,12,11,14
english-ed2/ep2117/Z300627393,63,48,64
english/rawnsley/Z200472709,10,9,14
english/rossetdg/Z200478120,10,10,16
english/smithwa2/Z200489914,24,20,24
english-ed2/ep2640/Z200677747,36,32,40
english-ed2/ep2549/Z300670399,22,16,32
english/bartonbe/Z300274222,36,26,40
english/hoodthom/Z200398485,14,8,16
english-ed2/clarejoh/Z400314095,16,11,24
english-ed2/newbolts/Z200680037,12,10,18
american/am0027/Z300143718,10,10,12
english-ed2/clarejoh/Z300313476,14,12,14
english/nesbitep/Z300136528,2,2,21
english/wolcotjo/Z300541470,28,26,34
english/barneswi/Z300272594,18,10,24
english/bensonar/Z300278052,14,14,14
english-ed2/ep2198/Z200650378,46,34,52
english/baylynat/Z300274878,15,8,24
english-ed2/sigerso2/Z200577413,16,6,32
english/shelleyp/Z400484400,28,19,39
american/am0577/Z200165056,54,40,60
english/ellisonh/Z200347759,12,3,14
american/am0596/Z200166753,12,9,16
english/whytesam/Z300535890,19,14,24
english/roscoew1/Z300476496,21,17,24
english/bishopsa/Z300280219,41,31,46
african-american/wheatley/Z200588352,38,32,40
american/am1302/Z200197655,79,70,86
american/am1351/Z200201908,34,20,42
english/rawnsley/Z200472350,12,8,14
english/rawnsley/Z200472545,13,13,14
english-ed2/ep2419/Z300660596,81,60,96
english-ed2/clarejoh/Z400314150,10,10,12
american/am0338/Z200157117,14,11,14
english-ed2/clarejoh/Z300313705,63,52,70
american/am0338/Z300156489,14,13,15
english/greenwel/Z200382608,16,12,32
english/wattsisa/Z400522690,8,2,16
english/hopperno/Z200399583,27,23,34
english/costello/Z200320935,18,14,24
american/am0652/Z200169036,20,10,36
english/shelleyp/Z300484204,75,52,90
african-american/rayhenri/Z200473058,40,26,72
american/am0939/Z300177671,20,12,24
english-ed2/clarejoh/Z300313496,10,6,21
english/popealex/Z200463669,12,6,14
english/havergal/Z400388146,27,24,27
english/langhorn/Z200413732,21,20,24
english/wardfred/Z300519303,21,16,24
american/am1107/Z200189972,26,22,28
english/trenchfr/Z300577941,25,19,33
american/am0182/Z400150626,8,8,9
american/am1335/Z400200570,19,10,24
english/thomwill/Z300510071,23,19,32
english/whitehro/Z200534568,51,25,72
american/am1327/Z200199869,12,8,14
english/cunning1/Z200325624,12,10,12
english/jerningh/Z200404974,14,10,14
english/priormat/Z300465751,9,8,10
english/philipsk/Z300461570,36,29,42
english/polwhele/Z300463263,24,12,30
english/miscell3/Z200643065,46,29,48
english-ed2/ep2382/Z300632705,19,16,30
american/am1268/Z200196752,57,42,60
english/wardfred/Z300519022,38,31,48
english/trenchri/Z200512748,21,15,24
english/dermodyt/Z200336283,38,34,48
english/howwilli/Z200400918,14,13,14
english/wiltonri/Z200539162,12,12,15
english/loversam/Z300418158,6,6,12
english/joycerob/Z200406864,8,6,24
english-ed2/ep2375/Z300657629,14,11,14
english/mastersm/Z200427272,25,21,26
english/knevetra/Z300410838,19,14,24
english/arwakere/Z200264525,22,19,26
english-ed2/miscell3/Z300440872,31,28,40
english-ed2/ep2631/Z300677632,39,30,48
english/turnerct/Z300507910,12,10,14
american/am0065/Z200206305,71,35,85
american/am0875/Z200175088,22,18,24
english/hamilto3/Z200385545,38,30,42
american/am0751/Z300172166,10,9,14
english/anderso1/Z200259703,32,22,40
english/prattsam/Z300464852,39,33,42
english/ellisonh/Z300347964,13,11,14
english/smithwa2/Z200489943,30,24,36
english-ed2/ep2220/Z300651753,12,8,14
english/princejo/Z500465356,87,54,96
english/swaincha/Z300501647,20,14,24
english/bennettw/Z200277344,12,9,14
english-ed2/ep2077/Z200626241,14,8,14
english/gomersal/Z300379963,20,18,20
english/sigerso1/Z200577546,22,10,32
english/oshaughn/Z300453332,11,10,14
english/masseyge/Z300426955,38,22,40
english/loversam/Z300418298,20,19,32
english/bartonbe/Z200274070,44,39,50
english/wesleych/Z600525672,38,24,48
english/fanemild/Z200372575,8,4,14
english/oldiswor/Z200452298,70,48,90
english-ed2/clarejoh/Z400313921,12,8,15
english/cobboldr/Z200315518,20,16,28
english/wesleych/Z500530162,10,8,16
english/tennysal/Z300506648,89,68,96
american/am1035/Z200182677,14,14,24
english/sewardan/Z300481977,22,18,24
american/am0167/Z400149235,10,8,12
english-ed2/ep2218/Z400651299,11,11,14
american/am1318/Z300199228,42,34,44
english/joycerob/Z200406871,32,25,42
english/taylored/Z300504505,42,35,50
english/tathamjo/Z200503982,41,34,43
american/am0453/Z200160133,13,8,16
american/am0513/Z300163346,54,18,60
english/mantrich/Z300425179,13,11,14
english/moultrie/Z400447725,25,12,32
english/tathamjo/Z200503906,17,12,22
english/dolbendi/Z200340323,15,10,17
english/rawnsley/Z200472586,13,12,14
english-ed2/ep2626/Z300677452,38,25,50
english-ed2/ep2456/Z200663083,12,10,24
african-american/dunbarpa/Z200343382,45,22,72
english/woodford/Z300542372,64,48,80
english/johnsonl/Z300405237,27,20,30
english/barlowge/Z500269742,27,24,28
english/knevetra/Z300410729,9,4,10
english-ed2/ep2218/Z300651500,28,11,42
english-ed2/ep2491/Z200664501,40,32,48
english/hoodthom/Z300398812,31,14,38
english/swinburn/Z200502488,59,43,80
english/prattsam/Z300464845,52,34,58
english/wesleych/Z400528385,12,10,12
american/am0027/Z300143324,27,17,36
english/munbyart/Z200448169,12,4,20
english/crolygeo/Z200324889,29,20,32
american/am1208/Z300193415,14,12,14
english-ed2/miscell3/Z300643457,13,9,14
english/sackvil2/Z200480080,30,20,35
english/cottonch/Z200321722,19,18,21
english/wesleych/Z500525987,33,24,36
c20-english/binyonro/Z300731778,22,14,24
english/rawnsley/Z200472424,13,13,14
american/am0443/Z300159666,61,48,69
english/mantrich/Z200425076,12,10,14
english/popealex/Z200463603,6,2,12
english/wesleych/Z500525849,32,30,40
english/clarejoh/Z200646376,30,18,32
english/wattsala/Z200522097,12,6,20
english/danielg1/Z300331597,21,18,32
american/am1041/Z200182946,38,30,40
english/swaincha/Z300502007,17,12,27
english/darbycha/Z200332381,28,22,56
english/aikinann/Z200139537,53,41,54
english-ed2/ep2615/Z200676063,55,45,55
english-ed2/ep2571/Z300673292,14,12,16
english-ed2/ep2283/Z200631935,47,31,54
english/campbel2/Z300624682,16,16,16
english/deveresi/Z300338233,14,14,14
english/wesleych/Z400524894,10,4,16
english/tupperma/Z300513311,44,34,48
english/mackaych/Z200423215,84,67,90
english-ed2/clarejoh/Z300313512,12,8,12
english/wesleych/Z300527242,27,18,32
english/shelleyp/Z300484359,53,39,60
english/austinal/Z200546181,26,16,28
english-ed2/ep2178/Z200648277,8,4,8
american/am0027/Z300144547,35,26,36
english/sigerso1/Z200577622,18,13,18
english-ed2/ep2429/Z200661351,11,8,12
english/peacockt/Z300459609,30,18,30
american/am0666/Z200169682,41,36,42
american/am0625/Z200167697,27,14,56
american/am0291/Z500154491,14,13,14
english-ed2/ep2515/Z300668001,41,26,52
english/gouldrob/Z300380648,57,48,63
english/wesleych/Z500526584,33,21,40
english-ed2/ep2193/Z200650052,23,15,27
english/barneswi/Z300272608,14,12,16
english/brownieb/Z300288747,28,9,55
american/am0625/Z200167689,22,18,24
english/munbyart/Z200448034,16,10,24
english/barlowge/Z200269538,18,16,24
american/am0232/Z300151808,17,13,30
english/sigerso1/Z200577581,68,58,76
english/wesleych/Z400524516,13,8,18
english/barneswi/Z200272743,23,20,24
english-ed2/ep2412/Z200659615,11,8,14
english-ed2/clarejoh/Z300312861,10,8,12
english/newmanfr/Z300449839,47,9,77
english/princejo/Z500465250,24,20,24
american/am0172/Z300149490,53,28,56
english/barneswi/Z300272556,27,13,32
english/warrenjo/Z200521046,12,8,20
american/am0998/Z300180908,35,35,40
american/am0240/Z300152699,34,28,40
english/taylored/Z300504303,41,20,48
english-ed2/ep2306/Z200653688,54,41,60
english-ed2/ep2564/Z300672100,43,26,48
english/anderso2/Z300260614,18,15,21
english/lloydcha/Z200416842,34,22,40
american/am1107/Z200190226,34,26,40
english-ed2/ep2223/Z200652192,45,32,56
american/am0827/Z300174146,12,10,16
english/bishopsa/Z300280589,16,14,20
english/matherjo/Z200427384,40,30,42
american/am1013/Z300181662,11,8,15
american/am0382/Z200158761,16,12,20
english/wattsisa/Z300523045,17,16,20
english/marstonp/Z400425579,14,11,14
american/am1274/Z200197072,46,32,60
american/am0414/Z300159224,27,20,42
english/warrenjo/Z200520977,26,16,36
american/am0780/Z200172692,38,30,48
c20-english/binyonro/Z300731758,9,8,14
english-ed2/ep2012/Z300625353,9,7,16
english/milnesri/Z300437642,24,19,26
english/shipmant/Z200485377,24,23,36
english/wiltonri/Z200538999,13,8,14
english-ed2/waiteart/Z300680943,68,47,75
english/wardfred/Z300519223,20,12,24
american/am0102/Z200146702,51,30,64
english/allingha/Z200141926,61,42,64
american/am0338/Z200156058,9,4,14
english/cookeliz/Z300319924,46,34,52
english/rawnsley/Z200472014,20,16,20
english/wesleych/Z500530631,14,12,18
english/jacobhil/Z200403976,49,37,56
english-ed2/ep2256/Z300631086,14,10,14
english/wardfred/Z300519870,23,20,24
american/am0027/Z300143838,16,8,24
english/yearsley/Z200545280,34,4,54
english/colerhar/Z400316479,14,12,14
english/hardytho/Z300136944,10,6,20
english/habingto/Z200383790,22,20,30
english/suckling/Z200501432,17,10,18
english-ed2/ep2198/Z200650380,14,12,20
american/am1066/Z300188686,12,2,25
english/wattsala/Z200522042,32,30,40
american/am0027/Z300143565,20,16,22
english/wesleych/Z500526536,24,18,32
english/manganja/Z200424466,24,12,32
english/smethamj/Z200488744,17,11,18
english/congreve/Z200319328,60,42,68
english/planchea/Z200462305,46,36,50
american/am0232/Z200151846,10,8,10
american/am9011/Z200258990,10,8,16
english-ed2/ep2615/Z200675515,24,14,24
english/cloughar/Z300315176,17,16,17
english/whaleyjo/Z300534289,73,57,82
english/stevensg/Z300496795,26,20,33
english/thomson2/Z300510012,18,12,18
english/morriswi/Z300447388,13,13,14
english/clarejoh/Z400314467,20,12,24
american/am0539/Z200164100,12,9,14
english/barlowge/Z400269747,13,11,14
african-american/rowegeor/Z300479239,24,14,28
english/cartwrig/Z300309248,54,41,72
english/goodallc/Z300380057,16,14,18
american/am0027/Z300143853,11,6,14
english/miscell2/Z200439009,22,16,28
english/hakethom/Z300384189,20,14,24
english-ed2/clarejoh/Z300314669,22,16,24
american/am0065/Z200206291,24,16,24
english/blanchar/Z300282712,15,14,15
english/bowrings/Z400285778,43,34,56
english/allingha/Z200140976,8,8,10
english/johnsonl/Z300405240,22,10,24
english/hamilto1/Z200385237,25,19,28
english/montgoro/Z300443878,46,38,60
american/am0134/Z200147854,34,25,40
english/sharpwil/Z200483675,29,0,41
english-ed2/ep2602/Z200674324,16,12,24
english/whaleyjo/Z200534150,48,37,52
american/am1302/Z200198388,26,22,26
english/lintonwi/Z200416485,69,53,92
american/am0473/Z300161066,15,8,16
english/mitchell/Z300441615,45,34,46
american/am0338/Z300156461,24,16,24
english/nicollro/Z200450957,28,24,32
english/roberts2/Z200475108,38,29,40
english/morrissi/Z300446261,18,12,18
english-ed2/dodgsonc/Z200647216,11,9,13
american/am0939/Z300177166,35,27,40
english/munbyart/Z200448086,27,3,72
american/am0372/Z300158099,32,25,35
english/bartonbe/Z200273981,42,36,44
african-american/coffinfr/Z400315916,29,18,48
english/wolcotjo/Z300541589,86,64,98
english/barneswi/Z200272644,31,21,40
english/arwakere/Z200264794,12,8,16
english/robinmar/Z200475767,40,26,44
english-ed2/hayesalf/Z200679271,81,66,84
english-ed2/ep2579/Z200673583,30,24,36
english/stuarthy/Z200499204,16,14,20
english/wesleych/Z500530457,22,16,32
english-ed2/clarejoh/Z300313348,10,8,14
english/blanchar/Z200282730,46,36,50
english/flatmant/Z200374667,10,6,12
english/davistho/Z400335892,39,30,48
english/taylored/Z300504293,29,24,42
english/wordswwi/Z400543582,13,9,14
american/am1120/Z200191012,14,12,14
english/croslaep/Z200578140,13,10,28
english/marstonp/Z400426031,13,12,14
english/congreve/Z200319386,51,45,56
english-ed2/ep2625/Z200676686,23,19,24
english-ed2/ep2628/Z300677567,26,24,30
english/wesleych/Z300527222,30,24,32
english/tupperma/Z200513668,15,10,18
english/peacockt/Z300459596,34,18,40
english/dowdened/Z200341434,12,6,12
english/wordswwi/Z400543050,14,14,14
english/wiltonri/Z300539044,14,10,14
english/polwhele/Z300463021,13,12,14
english/woodhou2/Z300542571,85,67,98
english/procterb/Z300466477,46,31,53
american/am0415/Z200159338,19,12,36
american/am0427/Z200159510,81,46,100
english/keategeo/Z200407870,10,8,16
american/am1268/Z400196531,21,14,24
english/boydhenr/Z300286202,55,41,64
english/bourdill/Z200284972,23,17,24
english/arnoldsi/Z200263849,70,52,80
english/praedwin/Z400464672,30,22,40
english/hannaypa/Z300385843,12,8,14
american/am0313/Z200154623,54,33,64
english/akenside/Z400139920,30,26,30
english/hamilto3/Z200385590,28,20,32
english/morriswi/Z400447202,12,8,12
english/carypatr/Z300309413,36,32,36
english/wardfred/Z300520044,70,54,72
english/rossetch/Z400477450,10,6,11
english/strongch/Z200499110,10,8,14
english/hyslopja/Z200402704,12,6,20
african-american/whitmana/Z300535220,39,33,45
english/anderso1/Z200260042,38,30,40
english/homeanne/Z200398301,62,50,72
english/davistho/Z300335913,57,48,64
english/oliphant/Z200452530,20,18,24
english/hamilto3/Z200385325,47,27,52
english/wesleych/Z500530101,11,6,12
english-ed2/clarejoh/Z300313365,14,10,16
english/wesleych/Z600525778,32,18,42
english/bowrings/Z200285993,14,10,18
english/wesleych/Z400531560,16,10,24
english/newmanfr/Z300449881,35,4,61
english/newmanfr/Z300449894,21,5,32
american/am1066/Z200186501,16,4,68
american/am1160/Z200191710,6,0,19
american/am0596/Z200166707,17,0,31
american/am1066/Z300188438,12,0,56
american/am1066/Z200187805,21,5,28
english/procterb/Z400466753,7,0,21
english-ed2/ep2518/Z500668167,22,18,30
american/am1302/Z200198556,17,2,26
american/am0160/Z300148690,48,19,98
english-ed2/ep2382/Z300632668,10,3,13
american/am0747/Z200172074,10,0,17
english/alfordhe/Z300140562,11,2,44
american/am0588/Z300166223,12,4,35
american/am0214/Z300151352,6,0,12
american/am0285/Z200154058,6,3,12
american/am1302/Z200198190,43,17,53
english-ed2/ep2251/Z300652874,58,32,65
english/scottwil/Z200481266,57,12,88
american/am0134/Z200147908,19,2,44
american/am1181/Z200192189,13,2,41
american/am1066/Z300188586,16,2,41
english/crosland/Z200587499,62,12,79
english/whitehen/Z300535005,23,2,60
english-ed2/ep2518/Z500668551,27,25,31
english/rogerssa/Z300476237,15,2,25
english/doughtyc/Z200556619,5,0,20
american/am1302/Z400197748,11,0,43
english-ed2/ep2251/Z300652497,45,36,48
american/am1345/Z200201664,29,6,43
american/am1066/Z300187685,5,2,13
english/crowewil/Z300325180,40,8,56
english-ed2/ep2058/Z300626020,7,2,14
american/am1066/Z300188689,9,0,15
english/southeyr/Z300494164,8,0,44
english/kemblefr/Z200408755,84,21,100
american/am1066/Z300188395,2,0,12
american/am1185/Z200192782,5,0,13
english/thomaswi/Z200509278,12,4,23
english-ed2/ep2221/Z200652051,13,13,14
american/am1268/Z300196840,23,2,49
english/domettal/Z300340467,3,0,26
english/grahamej/Z300381706,2,0,11
english/southeyr/Z300494184,36,7,77
english-ed2/ep2526/Z200669048,32,21,42
american/am0271/Z200153635,61,20,84
english-ed2/ep2518/Z500668546,9,9,15
american/am1185/Z200192831,11,3,26
american/am0065/Z200206112,16,2,33
american/am1066/Z300188454,7,0,13
american/am0167/Z300149171,14,2,26
english/wordswwi/Z400543794,15,2,24
english/procterb/Z400466839,16,2,21
english/procterb/Z400466714,4,0,18
english-ed2/ep2626/Z300677436,31,20,48
english-ed2/ep2518/Z500668564,4,2,16
english/procterb/Z400466795,2,0,11
english/montgoro/Z200444266,32,4,66
english/newmanfr/Z300449859,45,10,68
american/am1302/Z200198075,16,4,40
english-ed2/ep2526/Z200669074,28,14,40
english/wilsonj2/Z300538760,55,12,78
english-ed2/ep2447/Z200662289,52,8,76
english/grahamej/Z300381697,18,4,26
english-ed2/ep2590/Z200673999,12,6,20
english-ed2/ep2565/Z200673039,13,7,19
english-ed2/ep2626/Z300677444,8,8,12
american/am1066/Z300185460,26,2,37
english-ed2/ep2316/Z200653986,37,7,67
english/aytouwz/Z200266056,7,4,24
american/am1066/Z200185917,2,2,10
american/am0160/Z300148760,23,14,56
american/am1066/Z300188267,3,0,11
american/am1302/Z400197754,23,10,57
english/southeyr/Z500494258,27,5,35
english/newmanfr/Z300449884,27,8,44
american/am1185/Z200192836,6,2,15
american/am0065/Z300207512,4,2,18
english/doddwill/Z200340040,40,12,68
english/thelwall/Z300508982,15,2,23
american/am0588/Z200166237,16,2,42
american/am0065/Z200206537,35,8,57
english/walkerwi/Z200516780,0,0,16
english-ed2/ep2515/Z300668138,6,2,46
american/am0588/Z300166216,10,5,20
english-ed2/waiteart/Z400681106,20,0,44
english/henleywi/Z300392113,17,0,47
american/am1185/Z200192771,2,0,10
english/milnesri/Z300437571,20,2,43
english/leighto2/Z300415334,28,4,59
american/am1335/Z300200825,23,0,31
english/crosland/Z200587540,45,13,65
english/beddoest/Z300275943,14,3,31
american/am0100/Z300146475,26,0,44
american/am1185/Z300192804,6,0,14
english/crosland/Z200587493,50,20,63
american/am0875/Z200175067,16,4,23
english/robertsw/Z200475135,37,7,72
english-ed2/ep2575/Z200673440,14,5,24
english/newmanfr/Z300449869,25,5,44
english/allingha/Z300141898,16,0,50
english-ed2/ep2626/Z300677443,20,14,20
english/wattsisa/Z300523447,26,6,59
american/am0596/Z200166784,7,4,24
american/am1066/Z300187704,2,2,10
american/am1185/Z200192727,2,0,12
american/am1302/Z200198230,29,12,39
english/mackaych/Z200423201,28,2,66
english/grahamej/Z300381700,23,4,34
american/am1302/Z400197741,18,0,51
american/am0285/Z200154119,9,2,36
american/am0160/Z300148567,43,16,64
american/am0898/Z200175689,26,0,72
english/tennysal/Z300506924,51,6,86
american/am0338/Z300156539,21,4,32
english/landonla/Z300411884,20,2,30
american/am1066/Z300188357,2,0,22
english-ed2/ep2496/Z300666568,12,12,24
american/am0160/Z300148739,6,2,38
american/am1302/Z200198568,33,13,46
american/am1066/Z300187091,48,13,59
american/am1066/Z300187997,2,0,18
english-ed2/clarejoh/Z200646588,11,10,14
english/procterb/Z400466717,5,0,13
english/domettal/Z200340471,12,2,22
american/am0338/Z200157069,23,4,46
american/am1335/Z500200713,2,0,11
american/am1066/Z300185025,4,0,10
american/am0271/Z200153550,44,10,63
english/newmanfr/Z300449878,32,9,61
american/am1041/Z200182950,14,0,24
english/southeyr/Z300494165,4,0,44
english/landonla/Z300412007,4,0,11
english-ed2/ep2478/Z300664167,6,4,16
english/dyerjohn/Z200344541,10,0,19
american/am1302/Z200198029,8,0,26
american/am1089/Z300189193,5,0,16
english/allingha/Z300141817,8,0,16
english-ed2/ep2251/Z300652969,21,4,30
american/am0271/Z200153596,83,22,99
english/procterb/Z400466805,5,0,15
english/warrenjo/Z200521250,39,11,91
english/lawlesse/Z300414395,34,6,64
american/am1066/Z200186460,17,4,71
english-ed2/ep2526/Z200669055,30,22,40
english-ed2/ep2428/Z300661137,60,20,85
english/todhunte/Z300511187,8,0,15
american/am1185/Z200192776,4,0,15
american/am0596/Z200166763,19,0,30
english/ansterjo/Z200262899,34,4,66
english/montgoro/Z300444197,13,2,49
english-ed2/ep2526/Z200669033,14,8,16
english/landonla/Z300411934,9,0,16
english/callwath/Z300294880,26,7,65
american/am1302/Z200198531,29,9,38
english/mackaych/Z200423378,60,19,76
english-ed2/ep2518/Z300668742,4,4,10
english/landonla/Z300411957,9,0,22
english-ed2/newbolts/Z200680048,58,36,80
english/courthop/Z200322044,48,12,78
american/am0274/Z200153768,12,0,24
english/procterb/Z400466712,3,0,15
english/doddwill/Z300340017,6,0,13
english/philipsa/Z300461407,38,6,46
english/stevens4/Z200497716,17,2,41
american/am0596/Z200166779,17,2,32
english-ed2/ep2251/Z300652526,68,56,72
english-ed2/ep2518/Z500668566,14,6,28
american/am1208/Z200193174,5,0,16
english/phillip3/Z200461908,29,14,40
english/rogerssa/Z300476246,37,4,94
american/am1302/Z400197716,6,0,24
american/am1302/Z200198082,17,6,33
american/am1089/Z300189404,4,4,12
american/am1066/Z300185519,19,4,25
english/pasquina/Z200537263,23,4,39
american/am1318/Z300199054,58,10,87
english-ed2/ep2019/Z200625464,16,2,26
english/sharpwil/Z300483192,6,0,12
american/am1066/Z300188116,10,0,18
american/am1302/Z200197679,4,2,19
english-ed2/ep2493/Z200665398,57,23,86
english/southeyr/Z400494249,24,9,35
english-ed2/ep2626/Z300677450,16,12,28
english-ed2/ep2251/Z300652469,43,15,58
american/am0643/Z200167930,41,14,50
english/procterb/Z400466720,7,3,27
english/garnettr/Z200377836,23,7,42
english/southeyr/Z400494248,20,2,26
american/am1327/Z200199773,53,15,62
english-ed2/ep2251/Z300652557,54,34,64
english-ed2/waiteart/Z400681103,17,9,33
english/procterb/Z400466736,5,0,11
american/am0588/Z200166252,51,11,88
english-ed2/miscell3/Z200643447,16,6,43
american/am0486/Z200162794,34,0,84
english/newmanfr/Z300449852,32,4,63
english/tupperma/Z200513680,2,0,12
english/alexand2/Z200140273,4,2,32
american/am1089/Z300189210,4,2,16
english/henleywi/Z300391976,16,2,47
american/am1066/Z300188519,37,9,45
english-ed2/ep2590/Z200674011,32,4,63
english/southeyr/Z300494133,12,0,40
c20-english/binyonro/Z200732048,12,2,27
english-ed2/ep2493/Z300665717,84,65,90
english-ed2/waiteart/Z300681039,34,10,78
english/sharpwil/Z300483200,4,2,21
english/procterb/Z400466771,5,2,10
english/dyerjohn/Z200344539,14,4,21
american/am0214/Z300151345,8,0,16
english-ed2/ep2567/Z200673044,11,4,19
english/lambchar/Z200411017,13,6,27
english/graydavi/Z200382190,24,7,79
american/am1066/Z300187663,14,2,28
american/am0875/Z200175076,49,22,74
english-ed2/ep2518/Z500668506,31,27,35
english-ed2/ep2256/Z300631062,16,6,23
english-ed2/ep2251/Z300652913,25,17,28
english/bickerst/Z200278632,13,0,28
english-ed2/ep2526/Z200669062,18,13,24
american/am1066/Z300188527,7,0,12
english-ed2/ep2436/Z200661821,0,0,10
american/am1185/Z200192819,5,0,18
american/am1208/Z200193086,88,29,98
english/procterb/Z400466772,9,0,25
american/am0134/Z200147763,19,2,56
american/am1021/Z200182403,6,0,18
american/am1066/Z200185339,6,0,15
american/am1185/Z200192785,16,0,24
english/sayersfr/Z200480919,11,0,48
english/procterb/Z400466738,32,14,50
american/am1066/Z300184806,8,0,16
american/am1066/Z300188448,15,4,24
american/am1066/Z300188265,6,0,13
english/johnsonl/Z300405174,28,13,40
english/dowdened/Z200341212,24,4,54
american/am1327/Z200199592,7,0,12
english-ed2/ep2518/Z500668499,48,38,56
american/am1302/Z200198062,24,2,44
american/am1107/Z200190224,32,27,36
american/am0898/Z200175877,6,2,16
english/procterb/Z400466744,4,0,10
english-ed2/ep2221/Z300652108,28,14,42
english/newmanfr/Z300449843,31,5,52
english/munbyart/Z200448306,36,8,50
english/greenwel/Z300382465,51,16,65
english/deveresi/Z200338167,19,7,53
english/lambchar/Z200411071,4,2,11
english-ed2/ep2382/Z300632691,30,11,48
english-ed2/ep2316/Z200654115,8,8,14
american/am1256/Z300195799,17,2,29
english/knowlesj/Z200410899,4,2,14
english/morrissi/Z400445910,14,0,32
english/hamerton/Z300385096,16,6,28
english/scottwil/Z200481273,56,15,84
english-ed2/bellhenr/Z200646919,6,3,13
english/tennysal/Z200506585,7,0,12
american/am0065/Z200206495,45,15,63
english/southeyr/Z300494173,25,2,65
english/murphyjo/Z200448809,10,2,33
american/am1302/Z200197940,43,8,52
english-ed2/ep2418/Z300660525,58,22,63
american/am1066/Z300187106,14,0,26
american/am1021/Z200182307,6,0,16
american/am0232/Z300151662,21,0,49
american/am1066/Z300188342,15,0,25
english-ed2/ep2626/Z300677427,55,32,88
english-ed2/waiteart/Z300681027,37,9,70
english/austinal/Z200546240,14,2,56
english/trappjos/Z400512667,60,21,89
english-ed2/ep2223/Z200652305,12,6,32
english/henleywi/Z300391989,4,0,20
american/am0274/Z200153815,28,13,77
american/am0625/Z200167754,7,0,18
american/am1066/Z300188653,5,0,10
english/biggjohn/Z200279018,21,2,31
american/am1066/Z300188359,17,4,25
english-ed2/ep2221/Z300652102,46,30,80
english/henleywi/Z300392102,9,2,36
english-ed2/ep2548/Z300670274,2,0,16
american/am0522/Z200163466,15,2,32
american/am0559/Z200164558,2,0,11
english-ed2/ep2518/Z500668199,0,0,12
english/montgoro/Z300444215,43,19,54
english-ed2/waiteart/Z400681096,10,9,24
american/am0722/Z200171401,19,4,34
english/alfordhe/Z300140561,28,6,50
american/am1066/Z300185741,8,8,15
american/am1302/Z200198510,19,7,32
american/am0271/Z200153621,72,22,85
english/wattsala/Z300522142,11,0,40
english/landonla/Z300411878,27,6,40
english/grahamej/Z300381702,5,0,14
english/stevens4/Z200497581,19,2,37
english/phillip3/Z200461778,23,2,26
english-ed2/ep2251/Z300652485,46,28,63
english-ed2/ep2518/Z400668476,2,0,12
english/stevens4/Z300497634,12,2,28
american/am1066/Z200185344,31,8,49
american/am1066/Z300184816,3,0,11
english-ed2/ep2518/Z400668241,4,0,10
american/am1066/Z300185729,14,2,23
english/newmanfr/Z300449898,42,5,53
english/procterb/Z400466835,2,0,20
american/am1066/Z300187234,5,0,16
american/am1066/Z300188602,21,8,71
english/newmanfr/Z300449890,37,2,62
english/rhoadesj/Z200473588,32,11,48
american/am0596/Z200166750,4,0,13
american/am0898/Z300175849,71,39,78
american/am1053/Z200183448,12,4,17
english/sharpwil/Z200483680,17,8,56
english-ed2/ep2251/Z300652979,72,40,82
american/am0875/Z200175073,29,12,48
american/am1066/Z200188194,15,0,83
american/am1066/Z300185402,49,9,57
american/am1066/Z300188669,6,0,12
english-ed2/ep2530/Z300669421,7,0,15
english/southeyr/Z400494225,10,2,17
english/procterb/Z400466711,0,0,10
american/am1066/Z300184759,18,2,40
english-ed2/ep2590/Z300674057,59,10,95
american/am1302/Z200198517,46,15,59
english-ed2/ep2428/Z300661135,20,9,36
english/wordswwi/Z200543851,11,0,16
english-ed2/ep2515/Z200668147,14,0,77
american/am0799/Z300173705,7,2,11
english/whaleyjo/Z200534210,2,2,13
english/montgoro/Z300444193,28,4,46
english-ed2/ep2439/Z200661987,53,21,80
american/am0977/Z200178676,2,2,15
english/procterb/Z400466794,3,0,12
american/am0160/Z300148823,130,54,174
american/am1302/Z200198506,43,4,53
american/am0100/Z300146484,12,0,40
english/phillip3/Z200461943,25,8,37
english-ed2/ep2518/Z500668357,7,5,10
english-ed2/ep2602/Z200674186,34,13,48
english/munbyart/Z200448049,40,14,91
english/henleywi/Z300391994,15,2,33
american/am1066/Z200187434,75,17,85
english-ed2/ep2185/Z200649921,25,16,28
english-ed2/ep2221/Z300652072,56,46,62
english/wilsonj2/Z300538759,77,25,86
english/domettal/Z300340468,19,2,27
american/am0165/Z200148964,10,0,32
english/sharpwil/Z300483444,2,0,12
english/fergusso/Z200373391,45,10,84
english/tennysal/Z300507566,60,30,71
american/am1252/Z400194494,53,24,69
english/arnoldma/Z300263433,18,8,32
english-ed2/ep2518/Z500668479,8,0,13
american/am1066/Z300187480,49,8,62
english-ed2/bellhenr/Z300646896,6,0,10
english/keblejoh/Z200408478,21,4,31
american/am1089/Z300189174,4,0,20
english/morriswi/Z500446977,4,2,12
english-ed2/ep2221/Z300652097,10,6,20
english/phillip3/Z200461915,0,0,20
english/sharpwil/Z200483402,10,4,14
english/rhoadesj/Z200473611,32,9,50
english/landonla/Z300411955,2,0,10
american/am1066/Z300188581,4,0,21
american/am1345/Z200201625,16,4,36
american/am1302/Z200198424,40,14,50
american/am0809/Z200173947,9,0,25
english-ed2/ep2251/Z300652856,52,30,60
english-ed2/ep2251/Z300652518,42,32,52
english/gilbertt/Z200378746,38,9,81
american/am0338/Z200156023,14,2,21
english/wilsonj2/Z300538751,44,10,94
english/wordswwi/Z400543795,15,2,22
american/am1233/Z200193807,131,97,176
english/thompsfr/Z200568660,4,0,24
american/am0559/Z200164619,16,4,27
american/am0065/Z300207284,58,27,68
english-ed2/ep2221/Z300652077,4,2,12
american/am1066/Z300187525,17,4,29
american/am1302/Z200198300,52,14,73
american/am0998/Z200181346,12,4,18
english-ed2/ep2221/Z300652074,58,42,80
english/galtjohn/Z200377283,42,14,50
american/am0214/Z200150707,0,0,16
english/dowdened/Z200341338,9,0,30
american/am0065/Z300207471,74,33,82
american/am1066/Z300188347,4,0,46
english/montgoro/Z300444212,9,0,16
american/am1335/Z200200337,7,0,11
english-ed2/ep2251/Z300652768,24,16,32
american/am0274/Z200153829,10,2,19
american/am1066/Z300188269,2,0,11
english/southeyr/Z200495555,8,2,16
english-ed2/ep2530/Z400669371,14,10,16
american/am0182/Z200149922,17,11,25
english/rhoadesj/Z200473616,83,42,96
american/am1066/Z300188524,4,0,13
american/am0065/Z200206569,30,6,79
american/am0134/Z200147799,18,4,26
american/am0274/Z200153820,24,6,51
american/am0685/Z500170172,17,5,26
american/am1185/Z200192830,4,2,19
english/newmanfr/Z300449899,62,14,96
english-ed2/bellhenr/Z200646865,89,32,150
american/am0848/Z300174541,12,0,24
english/landonla/Z300411755,10,2,20
english-ed2/ep2251/Z300652698,5,3,40
american/am0939/Z200176893,19,0,61
american/am1345/Z200201536,37,14,75
english/wordswwi/Z300542844,39,12,64
english/landonla/Z300412161,53,17,77
english/sharpwil/Z200483677,50,2,68
english/cooperth/Z300320481,13,4,35
english/lambmary/Z300411461,8,2,10
english/procterb/Z400466807,9,0,13
english/dyerjohn/Z200344543,15,2,25
english/buckecha/Z300292076,7,0,17
american/am1066/Z200186430,18,0,25
english-ed2/ep2316/Z200654000,44,22,48
american/am0780/Z300172905,57,21,82
english/colersam/Z300317205,25,0,40
american/am1066/Z300185313,16,2,28
english/opieamel/Z200452546,53,11,74
english/procterb/Z400466747,15,2,24
english/mackaych/Z200422603,7,2,10
american/am0274/Z200153749,45,9,60
english-ed2/ep2626/Z300677448,20,10,36
english/wordswoz/Z200543930,46,14,84
english/bourdill/Z200284701,16,0,25
english/warrenjo/Z200520942,32,8,77
english-ed2/ep2626/Z300677437,60,45,68
english/beddoest/Z300275902,14,2,41
american/am1066/Z200188197,73,21,82
american/am1066/Z300184815,2,0,10
english/tennysal/Z300507667,4,0,17
american/am0160/Z300148849,15,0,30
english-ed2/ep2058/Z300625985,8,6,12
english/southeyr/Z400494232,15,4,22
american/am0596/Z200166752,6,0,25
english-ed2/ep2251/Z300652483,48,34,56
english/mackaych/Z200421885,29,4,74
american/am1185/Z200192786,5,0,25
english-ed2/ep2181/Z200649830,11,0,19
american/am0065/Z200206552,60,21,70
american/am0939/Z400177837,11,2,18
english/henleywi/Z200391964,8,0,14
c20-english/binyonro/Z200731571,19,0,30
american/am1302/Z200198122,31,7,51
american/am0285/Z200153968,0,0,12
english/wattwill/Z300523613,30,2,73
english/landonla/Z300411980,3,0,15
english/westwood/Z200534010,10,2,22
american/am0588/Z300165771,40,6,87
american/am0134/Z200147841,13,2,49
english/grahamej/Z300381689,13,0,34
english/barhamri/Z200268898,20,18,46
english-ed2/ep2552/Z200670668,18,2,47
english/alfordhe/Z300140567,11,2,18
american/am1302/Z200197903,34,6,56
american/am0789/Z300173675,4,0,28
english/bourdill/Z200284706,17,0,27
american/am0583/Z200165300,11,4,32
american/am1089/Z300189147,6,2,16
english/henleywi/Z300391982,14,0,24
english-ed2/ep2609/Z200674592,13,0,24
american/am1066/Z300188652,2,2,10
english/swinburn/Z200502498,33,0,38
english/needlerh/Z200449749,50,17,58
american/am0065/Z200206088,35,7,55
english/radclif2/Z300470310,25,2,59
english/landonla/Z300411962,5,2,12
english/mitchell/Z200441751,77,30,89
english/sharpwil/Z200483658,33,12,41
english-ed2/ep2058/Z300626015,7,0,16
american/am1089/Z300189080,4,2,12
english/bonarhor/Z200283999,21,2,92
english/montgoro/Z300444172,36,6,59
english/rogerssa/Z300476247,29,8,59
american/am1066/Z300188432,9,0,17
english-ed2/waiteart/Z300681053,25,8,42
english/beddoest/Z300275933,3,0,10
english-ed2/ep2626/Z300677469,13,6,13
american/am1208/Z400193357,0,0,18
english/tupperma/Z200513693,16,7,39
american/am0117/Z200147576,43,12,92
english/walkerwi/Z200516859,9,0,18
english/tennysal/Z300507453,21,0,33
american/am1046/Z200183201,10,4,36
american/am1066/Z300188356,8,0,36
english-ed2/ep2251/Z300652517,30,18,40
american/am1066/Z300188643,2,2,12
american/am1066/Z300188570,4,0,11
english/colvillr/Z200318422,7,2,16
english/colersam/Z300317100,9,2,26
english/colerhar/Z400316409,12,0,33
english/sharpwil/Z200483671,37,0,67
american/am0271/Z200153588,112,38,126
english-ed2/ep2626/Z300677468,18,16,20
english/henleywi/Z300392100,17,4,36
american/am0134/Z200147877,20,0,36
english/landonla/Z300411977,0,0,10
english/baileyph/Z200266191,22,4,34
english/popewalt/Z200463985,11,2,20
american/am1302/Z400197733,25,2,50
english-ed2/ep2548/Z300670295,15,0,23
american/am1066/Z300188274,10,2,14
american/am1066/Z300188567,3,0,17
english-ed2/ep2011/Z200625220,15,7,27
english/buckecha/Z300292075,25,11,40
english/grahamej/Z300381701,4,0,10
american/am0027/Z300144438,28,4,64
american/am0769/Z200172424,10,4,15
english-ed2/ep2220/Z300651979,3,0,14
english/newmanfr/Z300449875,32,4,59
english/warrenjo/Z200520967,21,0,58
english-ed2/ep2363/Z200656002,36,0,76
american/am0939/Z300177821,74,39,83
american/am1066/Z300184768,33,4,45
american/am0998/Z300180870,69,11,77
american/am1066/Z300187682,0,0,12
american/am1302/Z200198085,26,3,39
american/am0652/Z200169013,15,0,40
english/dowdened/Z300341184,41,4,83
english/phillip3/Z200461876,15,0,30
english/rossetdg/Z300478101,12,2,31
american/am1066/Z300185510,9,0,21
c20-english/binyonro/Z300731781,28,7,39
american/am1066/Z300187680,12,4,17
american/am0214/Z400151051,4,0,16
american/am1066/Z300188353,6,0,19
english/lloydcha/Z200416650,26,6,50
english-ed2/ep2526/Z200669056,16,14,18
american/am1181/Z200192270,9,0,22
american/am1302/Z200198041,40,14,51
english-ed2/ep2223/Z200652323,19,2,43
english/southeyr/Z400494246,11,4,22
american/am0522/Z200163436,13,4,26
american/am0065/Z300207510,17,0,31
english-ed2/ep2251/Z300652545,12,8,20
english-ed2/ep2412/Z200659532,35,9,62
american/am0731/Z200171492,88,29,99
american/am1302/Z200198389,27,4,58
american/am0613/Z300167606,12,2,30
english-ed2/ep2518/Z500668201,10,2,20
english/motherwe/Z300447533,20,6,29
american/am1302/Z400197703,21,6,32
english-ed2/ep2518/Z500668480,15,15,16
english/warrenjo/Z200520962,43,15,77
english/popewalt/Z200464137,7,4,13
english/jonessir/Z200405945,11,4,16
american/am1208/Z300193218,29,7,67
american/am1302/Z200197945,39,17,55
american/am0065/Z200206624,56,23,67
english-ed2/ep2223/Z200652234,21,2,42
english/hardytho/Z200136708,4,0,24
english/munbyart/Z200448090,10,4,32
english-ed2/ep2471/Z300663738,30,5,62
english/ansterjo/Z200262902,27,6,74
english/colersam/Z300317713,10,0,15
american/am1185/Z200192718,4,0,12
english-ed2/ep2221/Z300652081,31,23,60
english-ed2/ep2626/Z300677451,20,10,38
english-ed2/ep2251/Z300652563,44,34,55
american/am1066/Z300185586,8,0,17
english/leighto2/Z300415335,38,8,86
english-ed2/ep2381/Z300658488,27,4,37
english/wordswwi/Z300542920,12,2,24
american/am1066/Z200187633,36,5,42
american/am1252/Z400194506,16,4,31
english/alfordhe/Z300140578,15,4,23
american/am1302/Z200197635,48,11,65
english-ed2/ep2518/Z500668430,10,4,12
american/am0338/Z300156542,8,0,14
english-ed2/ep2609/Z200674568,21,17,24
american/am1302/Z400197721,15,4,29
english-ed2/ep2526/Z200669072,14,10,14
american/am1185/Z200192750,3,0,10
american/am0596/Z200166754,10,0,16
american/am1302/Z200198090,27,8,37
english-ed2/ep2478/Z300664236,48,30,96
english/tupperma/Z300513303,47,17,88
english/morriswi/Z500446968,5,0,12
english/bourdill/Z200284710,7,2,18
english-ed2/ep2564/Z300672640,18,10,24
english-ed2/ep2382/Z300632667,7,0,15
english/hickeyem/Z200396423,8,2,56
english-ed2/ep2316/Z200654117,31,20,36
american/am1302/Z200198557,24,6,34
english/morriswi/Z400447333,15,4,96
american/am1013/Z300181680,73,13,129
american/am0065/Z300207280,62,25,67
african-american/mooreali/Z200444484,11,6,20
english/lambmary/Z300411549,32,10,54
american/am0421/Z200159488,22,0,36
english-ed2/waiteart/Z300681061,25,10,37
american/am1327/Z200199375,29,9,41
american/am1041/Z200183054,57,16,76
english-ed2/ep2221/Z300652126,14,14,14
american/am1185/Z300192806,5,2,11
english-ed2/ep2478/Z300664047,22,14,40
american/am0338/Z200156072,13,3,20
english/sharpwil/Z300483201,10,5,23
american/am0271/Z200153624,71,31,113
english/bourdill/Z200284704,36,4,46
american/am0654/Z300169105,6,0,20
english/southeyr/Z400494200,37,8,58
american/am1066/Z300188104,2,0,24
english/southeyr/Z300495517,68,4,91
english/princejo/Z500465348,47,8,84
american/am1066/Z300188119,3,0,11
american/am1302/Z200198445,37,8,50
english/cloughar/Z400315419,15,0,32
english/landonla/Z300412003,7,0,10
american/am1066/Z300185419,39,15,48
american/am0065/Z300207506,9,0,19
english-ed2/ep2526/Z200669065,27,18,28
english/southeyr/Z400494241,20,2,29
american/am0076/Z200145511,31,8,46
english/princejo/Z500465364,12,0,42
english-ed2/waiteart/Z400681100,10,2,22
english/whitehen/Z300535031,37,6,57
american/am0065/Z200206303,22,4,34
english-ed2/ep2223/Z200652295,7,0,42
english-ed2/ep2382/Z300632669,18,4,23
english/rogerssa/Z300476244,27,10,49
english-ed2/ep2115/Z200627254,24,4,34
english/kemblefr/Z200408606,25,6,40
english-ed2/ep2609/Z200674868,28,7,35
american/am0583/Z200165256,50,14,55
english-ed2/ep2438/Z300661880,55,5,68
english-ed2/watsonsi/Z200681364,9,0,15
american/am1302/Z200198374,36,4,55
american/am0274/Z200153657,14,6,36
english-ed2/ep2193/Z300650012,5,0,30
c20-english/binyonro/Z300731733,18,2,28
english-ed2/ep2565/Z200672907,15,14,32
english/tennysal/Z200506922,7,2,13
english-ed2/ep2518/Z500668281,20,0,30
american/am0065/Z200206136,54,10,82
american/am1335/Z500200705,9,0,24
english/courthop/Z200322055,52,15,71
english/dobellsy/Z300339455,73,30,90
english/hamerton/Z300385030,13,2,24
american/am1302/Z200197897,29,7,40
american/am1066/Z300188590,22,2,60
english-ed2/ep2251/Z300652500,12,10,18
english-ed2/waiteart/Z300680940,13,2,23
english/tennysal/Z300506927,6,0,21
english-ed2/ep2316/Z200654101,42,28,48
english-ed2/ep2526/Z200669051,29,15,36
american/am1302/Z200198378,10,0,42
american/am0939/Z400177838,5,2,16
american/am0338/Z200156094,9,4,16
english-ed2/ep2518/Z400668159,0,0,12
american/am1185/Z200192699,11,0,17
english/deveresi/Z200338143,20,6,62
english/newmanfr/Z300449862,36,9,55
american/am0747/Z200172062,3,2,27
american/am1066/Z300186412,7,0,17
american/am1066/Z200187804,18,6,23
american/am1066/Z300188574,2,0,13
american/am0731/Z200171551,28,4,49
english-ed2/ep2316/Z200654065,32,28,32
american/am0590/Z200166638,12,2,27
english-ed2/ep2316/Z200654064,18,0,36
english/thomwill/Z200510080,18,13,45
english-ed2/ep2546/Z200670161,18,8,38
american/am1252/Z400194776,7,0,15
american/am1066/Z300187247,24,9,38
english-ed2/ep2626/Z300677486,28,26,32
english/steelean/Z200496467,83,40,91
american/am1302/Z200198438,11,2,34
american/am0588/Z200166203,10,0,22
english/radclif2/Z300470313,21,7,40
english-ed2/ep2251/Z300652531,81,60,100
english/doddwill/Z300340021,14,5,24
english/hamerton/Z300385052,6,0,23
english/keblejoh/Z200408487,26,2,45
english/montgoro/Z200444244,24,9,36
english/landorwa/Z300412996,5,0,14
american/am0809/Z200173932,34,10,51
english/thurlowe/Z300510478,27,10,46
american/am1247/Z300194080,2,0,12
english/todhunte/Z200511218,9,0,32
english-ed2/waiteart/Z400681108,70,20,124
english/wordswwi/Z400543792,9,2,16
english/grahamej/Z300381720,34,4,49
english/alfordhe/Z300140740,17,6,27
english-ed2/waiteart/Z300681041,51,8,70
english/newmanfr/Z300449856,34,2,70
american/am0372/Z200157779,15,4,42
african-american/vandynew/Z200515414,13,0,22
english/cottlejo/Z200321328,36,4,59
english/rossetdg/Z400478593,55,10,99
english/cooperth/Z300320480,9,3,20
english/henleywi/Z300391986,4,0,20
english-ed2/ep2565/Z200672983,13,10,24
english/tupperma/Z200513682,10,4,12
english/lloydcha/Z200416655,9,2,32
english-ed2/ep2251/Z300652559,9,7,11
english/thelwall/Z300508974,7,0,24
american/am1053/Z200183416,15,2,22
english-ed2/ep2251/Z300652555,46,31,64
english-ed2/ep2221/Z300652070,15,8,21
american/am0731/Z200171542,46,17,64
american/am0596/Z200166786,7,0,20
american/am1066/Z300188117,21,4,38
american/am1066/Z300188120,13,2,28
english/warrenjo/Z200521003,19,2,43
english/murphyjo/Z200448813,48,2,120
english/lambmary/Z300411479,17,5,31
english/kemblefr/Z200408738,14,2,21
english/whitehen/Z300534994,29,8,69
english-ed2/ep2251/Z300652616,5,0,12
english/montgoro/Z300444224,24,7,34
american/am0338/Z200157082,42,6,83
american/am1208/Z200193591,35,14,59
english-ed2/ep2382/Z300632678,2,0,11
english-ed2/ep2530/Z300669428,12,3,21
english/mackaych/Z300422392,13,2,21
english-ed2/ep2518/Z500668492,2,0,30
english/mackaych/Z200423408,13,5,24
american/am1183/Z200192666,3,0,21
american/am1345/Z300201387,38,10,57
english/tupperma/Z200513654,9,3,21
american/am1066/Z300186369,18,7,32
english/beddoest/Z300275909,2,0,14
english-ed2/ep2546/Z200670207,2,2,20
english/scottwil/Z300481363,45,9,85
american/am0751/Z200172120,38,7,76
english/sharpwil/Z200483661,47,2,55
american/am1066/Z300186377,8,0,11
english/thelwall/Z200508976,37,7,58
english/rogerssa/Z300476226,31,10,62
american/am0313/Z200154589,33,4,44
american/am0274/Z200153830,4,2,15
english-ed2/ep2212/Z300650842,17,4,26
english-ed2/ep2626/Z300677454,18,10,40
american/am1066/Z200187477,8,2,11
english/wattsala/Z300522148,7,5,19
american/am1040/Z200182719,28,8,59
english/hamerton/Z300385056,40,10,62
english/lambchar/Z200411073,7,0,18
english-ed2/ep2382/Z300632722,4,4,18
english/walkerwi/Z200516802,16,4,29
american/am1302/Z200198093,21,4,29
english/lloydcha/Z300416692,27,2,50
american/am1066/Z300188437,6,0,28
english-ed2/ep2626/Z300677458,48,38,56
english-ed2/ep2251/Z300652617,39,26,48
english-ed2/ep2251/Z300652721,28,23,30
english/miscell3/Z200642734,10,2,27
american/am1066/Z200186496,4,0,54
american/am1185/Z200192780,14,2,21
english-ed2/ep2590/Z200674027,20,12,32
english/landonla/Z200411691,26,9,32
american/am0731/Z200171493,31,8,46
american/am1302/Z400197746,4,0,24
english-ed2/ep2530/Z200669457,7,0,21
english-ed2/ep2478/Z300664149,25,6,38
english-ed2/waiteart/Z300681156,7,0,10
english/plumptre/Z300462517,77,7,87
english/moirdavi/Z200442573,51,5,96
english-ed2/ep2471/Z300663898,23,5,37
american/am0443/Z300159681,24,2,53
english/whitehen/Z300535006,25,5,44
american/am1066/Z200186483,8,0,30
american/am1066/Z300187689,3,0,10
english/warrenjo/Z200521001,38,11,90
american/am0027/Z400142971,3,0,12
english/hawkerro/Z200388839,22,0,46
english/procterb/Z400466832,7,0,15
american/am1302/Z200198175,58,31,74
english-ed2/ep2526/Z200669063,38,28,46
english/procterb/Z400466762,6,0,10
english-ed2/ep2626/Z300677422,21,8,57
english-ed2/ep2436/Z200661827,9,2,48
american/am0274/Z200153843,67,12,89
english/grahamej/Z300381722,15,4,37
english-ed2/ep2518/Z300668465,12,5,20
american/am1066/Z200186171,38,9,46
english/popewalt/Z200464051,6,2,10
american/am1066/Z300185692,7,4,12
american/am1066/Z300188004,0,0,14
english/sharpwil/Z200483686,42,5,70
english/crosland/Z200587504,59,23,72
english-ed2/ep2251/Z300652680,38,23,45
american/am0789/Z200173332,23,2,55
american/am1066/Z200184904,75,21,82
american/am1066/Z300188460,6,0,23
american/am0939/Z300177276,82,39,88
english-ed2/ep2418/Z300660554,28,10,38
english/southeyr/Z400494231,6,0,17
american/am0559/Z300164837,5,2,39
english/phillip3/Z200461877,32,4,46
english/tennysal/Z300507398,9,2,21
english/crosland/Z200587477,66,18,80
american/am0134/Z200147911,10,5,15
english-ed2/ep2464/Z200663428,25,7,34
english-ed2/ep2316/Z200654124,10,8,16
american/am0274/Z200153787,31,6,64
english/landonla/Z300411752,22,9,29
english/southeyr/Z400494237,11,0,23
english/huddesfo/Z200401099,47,10,56
english/thomson1/Z200509703,55,23,79
english-ed2/ep2212/Z300650621,48,12,89
english-ed2/ep2456/Z200662931,39,15,53
english-ed2/ep2251/Z300652657,58,31,60
english/hamerton/Z300385045,54,14,92
english/beddoest/Z300275904,13,4,20
english/bowleswi/Z300285677,23,4,35
american/am0654/Z400169332,12,10,15
english/tupperma/Z200513694,15,4,23
american/am0680/Z300169923,17,0,27
american/am0939/Z400177835,2,0,14
english/pasquina/Z200537271,35,4,62
english/warrenjo/Z200520975,35,5,86
english-ed2/ep2590/Z200674108,31,0,40
english-ed2/ep2625/Z300676364,38,24,40
english/walkerwi/Z200516838,8,0,21
american/am1066/Z300187083,26,7,41
english/rogerssa/Z300476232,64,15,93
american/am0182/Z200149934,13,0,23
english-ed2/waiteart/Z300681122,14,4,22
english/procterb/Z400466781,6,0,14
english/westwood/Z200533823,16,4,28
english/munbyart/Z200448052,37,4,60
english/munbyart/Z200448068,0,0,16
english-ed2/ep2626/Z300677411,40,28,42
english/hurdisja/Z300402591,13,4,23
english-ed2/ep2526/Z200669058,44,34,57
american/am0539/Z200163782,16,4,40
english-ed2/waiteart/Z300681198,5,0,13
english-ed2/bellhenr/Z200646839,9,0,20
english-ed2/ep2251/Z300652743,29,21,35
american/am0731/Z200171512,86,37,116
english/bourdill/Z200284890,8,0,15
english-ed2/ep2456/Z200662827,21,12,39
english/warrenjo/Z200521125,52,8,79
english/scottwil/Z300481364,67,26,82
american/am1335/Z500200699,3,0,14
american/am1066/Z300188278,2,0,38
english/hurdisja/Z300402589,27,6,38
english/rhoadesj/Z200473612,49,15,63
american/am1041/Z200182859,44,14,67
english/southeyr/Z400494242,34,13,44
english-ed2/waiteart/Z200681224,27,8,57
english-ed2/ep2316/Z200653969,20,10,20
english/rogerssa/Z300476218,29,6,39
american/am0065/Z200206175,16,2,38
english-ed2/waiteart/Z300681071,7,0,11
american/am1066/Z200187398,19,6,23
english/heraudjo/Z400392536,31,0,36
american/am1066/Z300188367,5,0,11
american/am1066/Z300185378,8,0,23
english/crosland/Z200587486,64,6,80
english-ed2/ep2412/Z200659541,5,2,16
english-ed2/ep2256/Z300631338,19,0,36
american/am1302/Z200197978,39,16,58
english/arnoldsi/Z200263655,8,2,24
american/am0874/Z200175021,59,24,73
american/am1185/Z300192798,10,4,48
english/smithwa2/Z300489821,42,17,63
english-ed2/waiteart/Z300681047,25,8,30
american/am1302/Z200198076,28,8,34
english/crosland/Z200587505,65,27,80
american/am0274/Z200153734,27,10,34
english-ed2/ep2251/Z300652784,15,10,17
english/montgoro/Z200443740,63,16,77
english/sharpwil/Z300483199,17,2,26
english-ed2/ep2221/Z300652071,10,7,18
american/am0182/Z200149979,14,4,29
english/montgoro/Z300444173,7,0,29
english/nesbited/Z200588035,61,46,65
english-ed2/ep2526/Z200669060,34,26,34
english/sharpwil/Z200483592,31,0,52
american/am1302/Z200198154,14,6,25
english-ed2/ep2518/Z500668497,12,8,14
english-ed2/ep2433/Z200661787,39,8,83
english/anderso2/Z200260220,61,4,94
american/am1302/Z300197833,15,4,30
english/landonla/Z300411876,15,2,23
english/galtjohn/Z200377288,5,0,18
american/am0596/Z200166761,8,2,21
english-ed2/waiteart/Z300681028,14,14,15
english-ed2/ep2212/Z300651153,41,2,69
english/crosland/Z200587487,63,14,78
american/am0093/Z200146213,9,0,14
american/am1066/Z200188495,11,2,66
english-ed2/ep2518/Z500668374,30,2,41
american/am1302/Z200197981,28,4,40
american/am1302/Z200198499,25,4,48
english-ed2/miscell3/Z300641555,24,4,39
english/mackaych/Z300422295,16,0,37
english/lloydcha/Z300416795,24,4,59
english/dobellsy/Z300339457,88,65,95
english/tennysal/Z400506787,36,6,89
english/rhoadesj/Z200473585,48,11,65
american/am0731/Z200171813,53,16,70
english/southeyr/Z400494244,37,20,53
american/am1302/Z200197999,15,0,30
american/am1066/Z300188118,12,2,38
english-ed2/ep2526/Z200669076,10,8,12
american/am1066/Z300187158,55,24,71
american/am1053/Z200183529,12,0,24
american/am1302/Z200198616,53,18,70
american/am1066/Z200186476,4,0,41
english/phillip3/Z200461948,6,0,19
american/am0065/Z300207623,56,17,64
american/am1302/Z200198052,14,3,24
english-ed2/ep2365/Z400656036,14,7,23
english-ed2/waiteart/Z300681085,24,8,41
english/henleywi/Z300391991,2,0,12
english/bonarhor/Z200283984,13,11,24
english/wordswoz/Z200543948,10,2,20
american/am1066/Z300188463,2,0,12
american/am1046/Z300183130,4,0,11
english/todhunte/Z200511211,8,0,20
english/sharpwil/Z200483682,58,2,67
english-ed2/ep2530/Z300669416,5,0,16
american/am1066/Z300185027,5,2,13
english/phillip3/Z200461944,14,4,18
english/crosland/Z200587573,66,22,78
american/am1302/Z200197604,11,0,65
english/beddoest/Z300275903,9,0,29
english/wattsala/Z300522131,33,10,86
english/newmanfr/Z300449895,24,10,37
english/hurdisja/Z300402614,11,2,19
english/crolygeo/Z300324724,15,4,50
american/am1335/Z500200701,15,7,40
american/am1046/Z200183172,18,10,60
american/am1046/Z300183111,0,0,10
english-ed2/ep2251/Z300652499,30,15,48
english/southeyr/Z300495523,55,4,75
english/southeyr/Z400494210,28,6,63
american/am1066/Z300188107,7,0,19
english/princejo/Z500465365,37,13,61
english/westwood/Z200534048,6,0,12
english-ed2/ep2221/Z300652101,16,9,23
american/am0065/Z300207276,8,2,15
english/procterb/Z400466746,12,2,25
english/myersern/Z300449071,33,12,60
english/tupperma/Z200513646,33,4,46
american/am1013/Z300182244,6,0,14
american/am0559/Z300164527,16,0,26
english-ed2/ep2251/Z300652686,27,7,32
english/alfordhe/Z300140555,12,0,21
english/motherwe/Z400447576,34,8,65
american/am0065/Z200206123,18,4,36
english/rhoadesj/Z300473806,12,2,23
english-ed2/ep2526/Z200669045,50,41,54
american/am0160/Z300148535,19,0,72
english-ed2/ep2525/Z200668962,11,0,14
english-ed2/ep2316/Z200654162,32,18,37
english/colersam/Z300317124,45,8,76
american/am1066/Z200187826,4,0,10
english/wattsala/Z200522075,14,8,34
